AMAKUNI -> https://www.amakuni.com
APEX-TOY -> https://www.apextoy.com
Alphamax -> https://www.alphamax.com
Alter -> https://www.alter.com
Amiami Zero -> https://www.amiamizero.com
Aniplex -> https://www.aniplex.com
Aoshima -> https://www.aoshima.com
Arma Bianca -> https://www.armabianca.com
Avengerz Inc. -> https://www.avengerzinc.com
Azone International -> https://www.azoneinternational.com
B'full -> https://www.bfull.com
BINDing -> https://www.binding.com
Bandai -> https://www.bandai.com
Bandai Namco Entertainment Inc. (NBGI) -> https://www.bandainamcoentertainmentincnbgi.com
Bandai Spirits -> https://www.bandaispirits.com
Banpresto -> https://www.banpresto.com
Bellfine -> https://www.bellfine.com
Benelic -> https://www.benelic.com
Broccoli -> https://www.broccoli.com
Bushiroad -> https://www.bushiroad.com
CCP -> https://www.ccp.com
Caravan -> https://www.caravan.com
Contents Seed -> https://www.contentsseed.com
Cospa -> https://www.cospa.com
Daiki Kougyo -> https://www.daikikougyo.com
Dark Horse -> https://www.darkhorse.com
Design Co-Co -> https://www.designcoco.com
Diamond Select -> https://www.diamondselect.com
E2046 -> https://www.e2046.com
ENSOUTOYS -> https://www.ensoutoys.com
Ensky -> https://www.ensky.com
F-toys -> https://www.ftoys.com
FLARE -> https://www.flare.com
FREEing -> https://www.freeing.com
Figurama Collectors -> https://www.figuramacollectors.com
First 4 Figures -> https://www.first4figures.com
FuRyu -> https://www.furyu.com
Funko -> https://www.funko.com
Gift -> https://www.gift.com
Good Smile Company -> https://www.goodsmilecompany.com
Groove Garage -> https://www.groovegarage.com
HOBBY STOCK -> https://www.hobbystock.com
Hakusensha -> https://www.hakusensha.com
Hasegawa -> https://www.hasegawa.com
Heavy Gauge -> https://www.heavygauge.com
Hobby Max -> https://www.hobbymax.com
Individual sculptor -> https://www.individualsculptor.com
Infinity Studio -> https://www.infinitystudio.com
Insight -> https://www.insight.com
Kadokawa -> https://www.kadokawa.com
Kaitendoh -> https://www.kaitendoh.com
Kaiyodo -> https://www.kaiyodo.com
Kitsune Statue -> https://www.kitsunestatue.com
Koei -> https://www.koei.com
Kotobukiya -> https://www.kotobukiya.com
LAWSON -> https://www.lawson.com
Luminous Box -> https://www.luminousbox.com
MIMEYOI -> https://www.mimeyoi.com
Max Factory -> https://www.maxfactory.com
Medicos Entertainment -> https://www.medicosentertainment.com
MegaHouse -> https://www.megahouse.com
Movic -> https://www.movic.com
Myethos -> https://www.myethos.com
Native -> https://www.native.com
Nihon TV Service -> https://www.nihontvservice.com
Oniri Créations -> https://www.oniricrations.com
Orange Rouge -> https://www.orangerouge.com
Orca Toys -> https://www.orcatoys.com
Orchid Seed -> https://www.orchidseed.com
Our Treasure -> https://www.ourtreasure.com
PLUM -> https://www.plum.com
PROOF -> https://www.proof.com
PROSTO toys -> https://www.prostotoys.com
Penguin Parade -> https://www.penguinparade.com
Phat -> https://www.phat.com
Pink Cat -> https://www.pinkcat.com
Plex -> https://www.plex.com
Prime 1 Studio -> https://www.prime1studio.com
PureArts -> https://www.purearts.com
Q-six -> https://www.qsix.com
RIBOSE -> https://www.ribose.com
Re-Ment -> https://www.rement.com
Revolve -> https://www.revolve.com
Riot Games -> https://www.riotgames.com
Rocket Boy -> https://www.rocketboy.com
S-Mist -> https://www.smist.com
Sega -> https://www.sega.com
Sentinel -> https://www.sentinel.com
Showa Note -> https://www.showanote.com
SkyTube -> https://www.skytube.com
Sony Interactive Entertainment -> https://www.sonyinteractiveentertainment.com
Souyokusha -> https://www.souyokusha.com
Square Enix -> https://www.squareenix.com
Storm Collectibles -> https://www.stormcollectibles.com
Stronger -> https://www.stronger.com
Sum-Art -> https://www.sumart.com
System Service -> https://www.systemservice.com
Taito -> https://www.taito.com
Takara Tomy A.R.T.S -> https://www.takaratomyarts.com
Toei Animation -> https://www.toeianimation.com
Tomytec -> https://www.tomytec.com
Underdog Squad -> https://www.underdogsquad.com
Union Creative International Ltd -> https://www.unioncreativeinternationalltd.com
Unknown -> https://www.unknown.com
Vertex -> https://www.vertex.com
Volks -> https://www.volks.com
WING -> https://www.wing.com
Wanderer -> https://www.wanderer.com
Wani Books -> https://www.wanibooks.com
Wave -> https://www.wave.com
Wonderful Works -> https://www.wonderfulworks.com
Xebec Toys -> https://www.xebectoys.com
Zero-G Act -> https://www.zerogact.com
eStream -> https://www.estream.com
ques Q -> https://www.quesq.com
threezero -> https://www.threezero.com
